city,pollutant_id,pollutant_avg
Agartala,NO2,5.0
Agartala,PM10,12.0
Agartala,SO2,26.0
Agra,CO,24.666666666666668
Agra,NH3,3.4
Agra,NO2,19.0
Agra,OZONE,9.5
Agra,PM10,80.16666666666667
Agra,PM2.5,68.16666666666667
Agra,SO2,22.666666666666668
Ahmedabad,CO,40.333333333333336
Ahmedabad,NH3,5.625
Ahmedabad,NO2,27.333333333333332
Ahmedabad,OZONE,9.555555555555555
Ahmedabad,PM10,57.111111111111114
Ahmedabad,PM2.5,39.22222222222222
Ahmedabad,SO2,10.666666666666666
Ahmednagar,CO,27.0
Ahmednagar,NH3,6.0
Ahmednagar,NO2,22.0
Ahmednagar,OZONE,7.0
Ahmednagar,PM10,39.0
Ahmednagar,PM2.5,10.0
Ahmednagar,SO2,11.0
Ajmer,CO,24.0
Ajmer,NH3,9.0
Ajmer,NO2,20.0
Ajmer,OZONE,21.0
Ajmer,PM10,72.0
Ajmer,PM2.5,41.0
Ajmer,SO2,20.0
Akola,CO,14.0
Akola,NH3,7.0
Akola,NO2,20.0
Akola,OZONE,8.0
Akola,PM10,25.0
Akola,PM2.5,24.0
Akola,SO2,17.0
Alwar,CO,58.0
Alwar,NH3,10.0
Alwar,NO2,91.0
Alwar,OZONE,20.0
Alwar,PM10,54.0
Alwar,PM2.5,38.0
Alwar,SO2,20.0
Amaravati,CO,14.0
Amaravati,NH3,4.0
Amaravati,NO2,29.0
Amaravati,OZONE,11.0
Amaravati,PM10,35.0
Amaravati,PM2.5,15.0
Amaravati,SO2,17.0
Amravati,CO,23.0
Amravati,NH3,1.5
Amravati,NO2,5.5
Amravati,OZONE,20.5
Amravati,PM10,30.5
Amravati,PM2.5,20.5
Amravati,SO2,12.5
Amritsar,CO,27.0
Amritsar,NH3,7.0
Amritsar,NO2,22.0
Amritsar,OZONE,31.0
Amritsar,PM10,63.0
Amritsar,PM2.5,58.0
Amritsar,SO2,10.0
Anantapur,CO,24.0
Anantapur,NH3,5.0
Anantapur,NO2,19.0
Anantapur,OZONE,13.0
Anantapur,PM10,46.0
Anantapur,PM2.5,51.0
Anantapur,SO2,16.0
Angul,CO,54.0
Angul,NH3,2.0
Angul,NO2,6.0
Angul,OZONE,4.0
Angul,PM10,42.0
Angul,PM2.5,14.0
Angul,SO2,16.0
Ankleshwar,CO,25.0
Ankleshwar,NH3,7.0
Ankleshwar,NO2,24.0
Ankleshwar,OZONE,46.0
Ankleshwar,PM10,56.0
Ankleshwar,PM2.5,54.0
Ankleshwar,SO2,58.0
Araria,CO,35.0
Araria,NH3,5.0
Araria,NO2,42.0
Araria,OZONE,10.0
Araria,PM10,34.0
Araria,PM2.5,44.0
Araria,SO2,18.0
Ariyalur,NH3,1.0
Ariyalur,NO2,9.0
Ariyalur,PM10,22.0
Ariyalur,PM2.5,24.0
Ariyalur,SO2,12.0
Arrah,CO,50.0
Arrah,NH3,1.0
Arrah,NO2,7.0
Arrah,OZONE,8.0
Arrah,PM10,27.0
Arrah,PM2.5,29.0
Arrah,SO2,25.940549828178693
Asansol,CO,21.75
Asansol,NH3,11.985137457044672
Asansol,NO2,19.75
Asansol,OZONE,14.5
Asansol,PM10,32.75
Asansol,PM2.5,24.0
Asansol,SO2,8.25
Aurangabad,CO,16.75
Aurangabad,NH3,4.75
Aurangabad,NO2,18.985137457044672
Aurangabad,OZONE,12.0
Aurangabad,PM10,40.75
Aurangabad,PM2.5,30.333333333333332
Aurangabad,SO2,17.485137457044672
Baddi,CO,52.0
Baddi,NH3,8.0
Baddi,NO2,42.0
Baddi,OZONE,25.0
Baddi,PM10,96.0
Baddi,PM2.5,52.0
Baddi,SO2,58.0
Badlapur,CO,38.0
Badlapur,NH3,6.0
Badlapur,NO2,37.0
Badlapur,OZONE,16.0
Badlapur,PM10,78.0
Badlapur,PM2.5,68.0
Badlapur,SO2,11.0
Bagalkot,NH3,1.0
Bagalkot,NO2,9.0
Bagalkot,OZONE,16.0
Bagalkot,PM10,42.0
Bagalkot,PM2.5,34.0
Bagalkot,SO2,7.0
Baghpat,CO,25.940549828178693
Baghpat,NH3,25.940549828178693
Baghpat,NO2,25.940549828178693
Baghpat,OZONE,25.940549828178693
Baghpat,PM10,25.940549828178693
Baghpat,PM2.5,25.940549828178693
Baghpat,SO2,25.940549828178693
Balasore,CO,30.0
Balasore,NH3,2.0
Balasore,NO2,10.0
Balasore,OZONE,16.0
Balasore,PM10,35.0
Balasore,PM2.5,23.0
Balasore,SO2,5.0
Banswara,CO,15.0
Banswara,NH3,25.940549828178693
Banswara,NO2,14.0
Banswara,OZONE,24.0
Banswara,PM10,36.0
Banswara,PM2.5,22.0
Banswara,SO2,8.0
Baran,CO,19.0
Baran,NH3,25.940549828178693
Baran,NO2,7.0
Baran,OZONE,31.0
Baran,PM10,27.0
Baran,PM2.5,10.0
Baran,SO2,6.0
Barbil,CO,29.0
Barbil,NH3,3.0
Barbil,NO2,11.0
Barbil,OZONE,17.0
Barbil,PM10,26.0
Barbil,PM2.5,18.0
Barbil,SO2,14.0
Bareilly,CO,6.5
Bareilly,NH3,1.5
Bareilly,NO2,5.5
Bareilly,OZONE,25.0
Bareilly,PM10,28.5
Bareilly,PM2.5,24.0
Bareilly,SO2,74.0
Baripada,CO,5.0
Baripada,NH3,1.0
Baripada,NO2,6.0
Baripada,OZONE,13.0
Baripada,PM10,39.0
Baripada,PM2.5,22.0
Baripada,SO2,25.940549828178693
Barmer,CO,13.0
Barmer,NH3,5.0
Barmer,NO2,8.0
Barmer,OZONE,35.0
Barmer,PM10,104.0
Barmer,PM2.5,36.0
Barmer,SO2,4.0
Barrackpore,CO,39.0
Barrackpore,NH3,14.0
Barrackpore,NO2,14.0
Barrackpore,OZONE,5.0
Barrackpore,PM10,43.0
Barrackpore,PM2.5,25.0
Barrackpore,SO2,14.0
Bathinda,CO,14.0
Bathinda,NO2,44.0
Bathinda,PM10,27.0
Bathinda,PM2.5,24.0
Bathinda,SO2,12.0
Begusarai,CO,54.0
Begusarai,NH3,4.0
Begusarai,NO2,17.0
Begusarai,OZONE,42.0
Begusarai,PM10,46.0
Begusarai,PM2.5,42.0
Begusarai,SO2,14.0
Belapur,CO,20.0
Belapur,NH3,1.0
Belapur,NO2,12.0
Belapur,OZONE,12.0
Belapur,PM10,28.0
Belapur,PM2.5,20.0
Belapur,SO2,3.0
Belgaum,CO,17.0
Belgaum,NH3,25.940549828178693
Belgaum,NO2,18.0
Belgaum,OZONE,19.0
Belgaum,PM10,16.0
Belgaum,PM2.5,12.0
Belgaum,SO2,9.0
Bengaluru,CO,25.39405498281787
Bengaluru,NH3,2.625
Bengaluru,NO2,21.54004998437988
Bengaluru,OZONE,18.77777777777778
Bengaluru,PM10,41.78810996563574
Bengaluru,PM2.5,22.993394425353188
Bengaluru,SO2,10.994595438925336
Bettiah,CO,47.0
Bettiah,NH3,6.0
Bettiah,NO2,9.0
Bettiah,OZONE,23.0
Bettiah,PM10,29.0
Bettiah,PM2.5,16.0
Bhagalpur,CO,31.0
Bhagalpur,NH3,3.0
Bhagalpur,NO2,15.0
Bhagalpur,OZONE,13.0
Bhagalpur,PM10,44.5
Bhagalpur,PM2.5,20.5
Bhagalpur,SO2,51.5
Bharatpur,CO,37.0
Bharatpur,NH3,7.0
Bharatpur,NO2,16.0
Bharatpur,OZONE,17.0
Bharatpur,PM10,36.0
Bharatpur,PM2.5,32.0
Bharatpur,SO2,4.0
Bhilai,CO,18.313516609392895
Bhilai,NH3,10.980183276059563
Bhilai,NO2,17.980183276059563
Bhilai,OZONE,16.313516609392895
Bhilai,PM10,21.64684994272623
Bhilai,PM2.5,18.313516609392895
Bhilai,SO2,13.646849942726229
Bhilwara,CO,14.0
Bhilwara,NH3,4.0
Bhilwara,NO2,21.0
Bhilwara,OZONE,5.0
Bhilwara,PM10,76.0
Bhilwara,PM2.5,37.0
Bhilwara,SO2,15.0
Bhiwadi,CO,38.5
Bhiwadi,NH3,4.5
Bhiwadi,NO2,21.5
Bhiwadi,OZONE,10.5
Bhiwadi,PM10,83.5
Bhiwadi,PM2.5,91.0
Bhiwadi,SO2,10.0
Bhiwandi,CO,37.0
Bhiwandi,NH3,6.0
Bhiwandi,NO2,36.0
Bhiwandi,OZONE,17.0
Bhiwandi,PM10,49.0
Bhiwandi,PM2.5,37.0
Bhiwandi,SO2,13.0
Bhopal,CO,17.333333333333332
Bhopal,NH3,4.0
Bhopal,NO2,20.666666666666668
Bhopal,OZONE,18.666666666666668
Bhopal,PM10,37.0
Bhopal,PM2.5,33.333333333333336
Bhopal,SO2,17.5
Bhubaneswar,CO,20.470274914089345
Bhubaneswar,NH3,4.0
Bhubaneswar,NO2,12.0
Bhubaneswar,OZONE,27.0
Bhubaneswar,PM10,27.5
Bhubaneswar,PM2.5,11.5
Bhubaneswar,SO2,5.5
Bihar Sharif,CO,2.0
Bihar Sharif,NH3,2.0
Bihar Sharif,NO2,9.0
Bihar Sharif,OZONE,27.0
Bihar Sharif,PM10,85.0
Bihar Sharif,PM2.5,88.0
Bihar Sharif,SO2,9.0
Bikaner,CO,18.0
Bikaner,NH3,4.0
Bikaner,NO2,12.0
Bikaner,OZONE,12.0
Bikaner,PM10,89.0
Bikaner,PM2.5,29.0
Bikaner,SO2,3.0
Bilaspur,CO,40.0
Bilaspur,NO2,19.0
Bilaspur,PM10,34.0
Bilaspur,PM2.5,25.0
Bilaspur,SO2,16.0
Bileipada,CO,38.0
Bileipada,NH3,4.0
Bileipada,NO2,6.0
Bileipada,OZONE,12.0
Bileipada,PM10,25.0
Bileipada,PM2.5,14.0
Bileipada,SO2,12.0
Boisar,CO,22.0
Boisar,NH3,10.0
Boisar,NO2,10.0
Boisar,OZONE,31.0
Boisar,PM10,65.0
Boisar,PM2.5,46.0
Boisar,SO2,15.0
Brajrajnagar,CO,76.0
Brajrajnagar,NH3,8.0
Brajrajnagar,OZONE,25.0
Brajrajnagar,PM10,28.0
Brajrajnagar,PM2.5,20.0
Brajrajnagar,SO2,16.0
Bulandshahr,CO,38.0
Bulandshahr,NH3,9.0
Bulandshahr,NO2,11.0
Bulandshahr,OZONE,5.0
Bulandshahr,PM10,63.0
Bulandshahr,PM2.5,57.0
Bulandshahr,SO2,6.0
Bundi,CO,18.0
Bundi,NH3,2.0
Bundi,NO2,11.0
Bundi,OZONE,13.0
Bundi,PM10,21.0
Bundi,PM2.5,14.0
Bundi,SO2,8.0
Buxar,CO,25.0
Buxar,NH3,3.0
Buxar,NO2,9.0
Buxar,OZONE,5.0
Buxar,PM10,70.0
Buxar,PM2.5,63.0
Buxar,SO2,4.0
Byasanagar,CO,14.0
Byasanagar,NH3,1.0
Byasanagar,NO2,17.0
Byasanagar,OZONE,27.0
Byasanagar,PM10,16.0
Byasanagar,PM2.5,9.0
Byasanagar,SO2,3.0
Byrnihat,CO,50.0
Byrnihat,NH3,25.940549828178693
Byrnihat,NO2,25.940549828178693
Byrnihat,OZONE,22.0
Byrnihat,PM10,25.940549828178693
Byrnihat,PM2.5,25.940549828178693
Byrnihat,SO2,25.940549828178693
Chandigarh,CO,34.0
Chandigarh,NH3,9.0
Chandigarh,NO2,20.333333333333332
Chandigarh,OZONE,19.666666666666668
Chandigarh,PM10,34.64684994272623
Chandigarh,PM2.5,34.64684994272623
Chandigarh,SO2,7.0
Chandrapur,CO,35.0
Chandrapur,NH3,2.5
Chandrapur,NO2,10.0
Chandrapur,OZONE,17.5
Chandrapur,PM10,45.5
Chandrapur,PM2.5,40.5
Chandrapur,SO2,17.0
Chengalpattu,CO,8.0
Chengalpattu,NH3,2.0
Chengalpattu,NO2,10.0
Chengalpattu,OZONE,12.0
Chengalpattu,PM10,39.0
Chengalpattu,PM2.5,33.0
Chengalpattu,SO2,9.0
Chennai,CO,34.333333333333336
Chennai,NH3,7.277221404025527
Chennai,NO2,13.848649975454098
Chennai,OZONE,20.0
Chennai,PM10,70.71428571428571
Chennai,PM2.5,35.42007854688267
Chennai,SO2,9.277221404025527
Chhal,CO,29.0
Chhal,NH3,6.0
Chhal,NO2,51.0
Chhal,OZONE,19.0
Chhal,PM10,69.0
Chhal,PM2.5,37.0
Chhal,SO2,25.940549828178693
Chhapra,CO,4.0
Chhapra,NH3,4.0
Chhapra,NO2,114.0
Chhapra,OZONE,3.0
Chhapra,PM10,49.0
Chhapra,PM2.5,48.0
Chhapra,SO2,9.0
Chikkaballapur,CO,11.0
Chikkaballapur,NH3,2.0
Chikkaballapur,NO2,15.0
Chikkaballapur,OZONE,20.0
Chikkaballapur,PM10,17.0
Chikkaballapur,PM2.5,11.0
Chikkaballapur,SO2,8.0
Chikkamagaluru,CO,11.0
Chikkamagaluru,NH3,3.0
Chikkamagaluru,NO2,22.0
Chikkamagaluru,OZONE,21.0
Chikkamagaluru,PM10,24.0
Chikkamagaluru,PM2.5,7.0
Chikkamagaluru,SO2,3.0
Chittoor,CO,54.0
Chittoor,NH3,12.0
Chittoor,NO2,34.0
Chittoor,OZONE,60.0
Chittoor,PM10,76.0
Chittoor,PM2.5,93.0
Chittoor,SO2,22.0
Chittorgarh,CO,13.0
Chittorgarh,NH3,4.0
Chittorgarh,NO2,19.0
Chittorgarh,OZONE,5.0
Chittorgarh,PM10,68.0
Chittorgarh,PM2.5,51.0
Chittorgarh,SO2,9.0
Churu,CO,23.0
Churu,NH3,3.0
Churu,NO2,6.0
Churu,OZONE,14.0
Churu,PM10,54.0
Churu,PM2.5,31.0
Churu,SO2,3.0
Coimbatore,CO,25.940549828178693
Coimbatore,NH3,1.5
Coimbatore,NO2,8.0
Coimbatore,OZONE,3.0
Coimbatore,PM10,29.470274914089345
Coimbatore,PM2.5,33.470274914089345
Coimbatore,SO2,13.0
Cuddalore,NH3,3.0
Cuddalore,NO2,12.0
Cuddalore,OZONE,5.0
Cuddalore,PM10,15.5
Cuddalore,PM2.5,17.5
Cuddalore,SO2,17.0
Cuttack,CO,29.0
Cuttack,NH3,2.0
Cuttack,NO2,8.0
Cuttack,OZONE,15.0
Cuttack,PM10,21.0
Cuttack,PM2.5,12.0
Cuttack,SO2,3.0
Dausa,CO,45.0
Dausa,NH3,5.0
Dausa,NO2,13.0
Dausa,OZONE,22.0
Dausa,PM10,73.0
Dausa,PM2.5,23.0
Dausa,SO2,5.0
Davanagere,CO,21.0
Davanagere,NH3,2.0
Davanagere,NO2,14.0
Davanagere,OZONE,25.0
Davanagere,PM10,19.0
Davanagere,PM2.5,26.0
Davanagere,SO2,4.0
Dehradun,CO,25.940549828178693
Dehradun,NO2,1.0
Dehradun,OZONE,20.0
Dehradun,PM10,18.0
Dehradun,PM2.5,23.0
Delhi,CO,38.246697212676594
Delhi,NH3,7.931648376011529
Delhi,NO2,35.7600289383252
Delhi,OZONE,13.75514999535618
Delhi,PM10,102.36685657442575
Delhi,PM2.5,92.26159341653101
Delhi,SO2,14.340034364261168
Dewas,CO,14.0
Dewas,NH3,2.0
Dewas,NO2,46.0
Dewas,OZONE,29.0
Dewas,PM10,45.0
Dewas,PM2.5,35.0
Dewas,SO2,42.0
Dhanbad,CO,13.0
Dhanbad,NO2,99.0
Dhanbad,OZONE,25.940549828178693
Dhanbad,PM10,32.0
Dhanbad,PM2.5,25.940549828178693
Dhanbad,SO2,57.0
Dharwad,CO,23.0
Dharwad,OZONE,17.0
Dharwad,PM10,50.0
Dharwad,SO2,3.0
Dholpur,CO,25.940549828178693
Dholpur,NH3,25.940549828178693
Dholpur,NO2,25.940549828178693
Dholpur,OZONE,25.940549828178693
Dholpur,PM10,25.940549828178693
Dholpur,PM2.5,25.940549828178693
Dholpur,SO2,25.940549828178693
Dhule,CO,25.940549828178693
Dhule,NH3,25.940549828178693
Dhule,NO2,25.940549828178693
Dhule,OZONE,25.940549828178693
Dhule,PM10,25.940549828178693
Dhule,PM2.5,25.940549828178693
Dhule,SO2,25.940549828178693
Dindigul,CO,8.0
Dindigul,NH3,2.0
Dindigul,NO2,8.0
Dindigul,OZONE,8.0
Dindigul,PM10,26.0
Dindigul,PM2.5,17.0
Dindigul,SO2,21.0
Dungarpur,CO,20.0
Dungarpur,NH3,2.0
Dungarpur,NO2,3.0
Dungarpur,OZONE,18.0
Dungarpur,PM10,28.0
Dungarpur,PM2.5,19.0
Dungarpur,SO2,3.0
Durgapur,CO,32.666666666666664
Durgapur,NH3,2.3333333333333335
Durgapur,NO2,15.333333333333334
Durgapur,OZONE,12.666666666666666
Durgapur,PM10,55.666666666666664
Durgapur,PM2.5,26.333333333333332
Durgapur,SO2,14.0
Eloor,CO,75.0
Eloor,NO2,8.0
Eloor,OZONE,12.0
Eloor,PM10,39.0
Eloor,PM2.5,60.0
Eloor,SO2,1.0
Firozabad,CO,13.0
Firozabad,NH3,2.0
Firozabad,NO2,16.0
Firozabad,OZONE,11.5
Firozabad,PM10,43.0
Firozabad,PM2.5,38.0
Firozabad,SO2,15.0
Gandhinagar,CO,24.293699885452458
Gandhinagar,NH3,2.0
Gandhinagar,NO2,11.0
Gandhinagar,OZONE,7.666666666666667
Gandhinagar,PM10,49.666666666666664
Gandhinagar,PM2.5,34.333333333333336
Gandhinagar,SO2,8.0
Gangtok,CO,2.0
Gangtok,NH3,1.0
Gangtok,NO2,25.940549828178693
Gangtok,OZONE,25.0
Gangtok,PM10,20.0
Gangtok,PM2.5,14.0
Gangtok,SO2,1.0
Gaya,CO,30.333333333333332
Gaya,NH3,4.0
Gaya,NO2,8.0
Gaya,OZONE,17.333333333333332
Gaya,PM10,39.5
Gaya,PM2.5,24.0
Gaya,SO2,12.5
Ghaziabad,CO,37.25
Ghaziabad,NH3,5.25
Ghaziabad,NO2,26.75
Ghaziabad,OZONE,23.25
Ghaziabad,PM10,106.0
Ghaziabad,PM2.5,94.25
Ghaziabad,SO2,15.5
Gorakhpur,CO,5.0
Gorakhpur,NH3,1.0
Gorakhpur,NO2,11.0
Gorakhpur,OZONE,35.0
Gorakhpur,PM10,36.0
Gorakhpur,PM2.5,35.0
Gorakhpur,SO2,23.0
Greater Noida,CO,40.5
Greater Noida,NH3,7.5
Greater Noida,NO2,25.0
Greater Noida,OZONE,23.5
Greater Noida,PM10,117.5
Greater Noida,PM2.5,59.0
Greater Noida,SO2,12.0
Gummidipoondi,NH3,3.0
Gummidipoondi,NO2,4.0
Gummidipoondi,PM10,112.0
Gummidipoondi,PM2.5,111.0
Gummidipoondi,SO2,24.0
Gurugram,CO,41.0
Gurugram,NO2,8.0
Gurugram,OZONE,18.0
Gurugram,PM10,79.0
Gurugram,PM2.5,77.0
Guwahati,CO,25.333333333333332
Guwahati,NH3,7.5
Guwahati,NO2,8.0
Guwahati,OZONE,19.64684994272623
Guwahati,PM10,32.333333333333336
Guwahati,PM2.5,32.666666666666664
Guwahati,SO2,23.666666666666668
Gwalior,CO,23.666666666666668
Gwalior,NH3,3.0
Gwalior,NO2,16.333333333333332
Gwalior,OZONE,26.333333333333332
Gwalior,PM10,71.0
Gwalior,PM2.5,60.0
Gwalior,SO2,14.666666666666666
Hajipur,CO,16.0
Hajipur,NH3,4.0
Hajipur,NO2,12.0
Hajipur,OZONE,22.0
Hajipur,PM10,38.0
Hajipur,PM2.5,45.0
Hajipur,SO2,4.0
Haldia,CO,22.0
Haldia,NH3,4.0
Haldia,NO2,7.0
Haldia,OZONE,30.0
Haldia,PM10,37.0
Haldia,PM2.5,16.0
Haldia,SO2,10.0
Hanumangarh,CO,14.0
Hanumangarh,NH3,10.0
Hanumangarh,NO2,20.0
Hanumangarh,OZONE,18.0
Hanumangarh,PM10,48.0
Hanumangarh,PM2.5,39.0
Hanumangarh,SO2,3.0
Hapur,CO,40.0
Hapur,NH3,13.0
Hapur,NO2,21.0
Hapur,OZONE,16.0
Hapur,PM10,59.0
Hapur,PM2.5,59.0
Hapur,SO2,11.0
Hosur,CO,17.0
Hosur,NH3,1.0
Hosur,NO2,1.0
Hosur,OZONE,10.0
Hosur,PM10,47.0
Hosur,PM2.5,41.0
Hosur,SO2,41.0
Howrah,CO,27.25
Howrah,NH3,6.0
Howrah,NO2,18.4
Howrah,OZONE,22.6
Howrah,PM10,37.2
Howrah,PM2.5,19.8
Howrah,SO2,8.6
Hubballi,CO,14.0
Hubballi,NH3,1.0
Hubballi,NO2,7.0
Hubballi,OZONE,11.0
Hubballi,PM10,42.0
Hubballi,PM2.5,30.0
Hubballi,SO2,25.940549828178693
Hyderabad,CO,24.067776896642876
Hyderabad,NH3,11.313516609392897
Hyderabad,NO2,22.298546127412106
Hyderabad,OZONE,23.298546127412106
Hyderabad,PM10,49.485137457044665
Hyderabad,PM2.5,35.36174993391488
Hyderabad,SO2,13.144699973565952
Indore,CO,21.0
Indore,NH3,10.313516609392897
Indore,NO2,24.0
Indore,OZONE,9.8
Indore,PM10,24.4
Indore,PM2.5,23.0
Indore,SO2,29.8
Jabalpur,CO,19.75
Jabalpur,NH3,2.0
Jabalpur,NO2,30.0
Jabalpur,OZONE,13.25
Jabalpur,PM10,40.75
Jabalpur,PM2.5,36.75
Jabalpur,SO2,19.0
Jaipur,CO,42.5
Jaipur,NH3,11.990091638029782
Jaipur,NO2,38.333333333333336
Jaipur,OZONE,14.666666666666666
Jaipur,PM10,58.333333333333336
Jaipur,PM2.5,41.0
Jaipur,SO2,11.0
Jaisalmer,CO,21.0
Jaisalmer,NH3,5.0
Jaisalmer,NO2,7.0
Jaisalmer,OZONE,38.0
Jaisalmer,PM10,114.0
Jaisalmer,PM2.5,39.0
Jaisalmer,SO2,6.0
Jalandhar,CO,29.0
Jalandhar,NH3,25.940549828178693
Jalandhar,NO2,25.940549828178693
Jalandhar,OZONE,48.0
Jalandhar,PM10,66.0
Jalandhar,PM2.5,49.0
Jalandhar,SO2,16.0
Jalgaon,CO,9.0
Jalgaon,NH3,3.0
Jalgaon,NO2,6.0
Jalgaon,OZONE,18.0
Jalgaon,PM10,33.0
Jalgaon,PM2.5,37.0
Jalgaon,SO2,8.0
Jalna,CO,7.0
Jalna,NH3,3.0
Jalna,NO2,44.0
Jalna,OZONE,15.0
Jalna,PM10,48.0
Jalna,PM2.5,48.0
Jalna,SO2,3.0
Jalore,CO,11.0
Jalore,NH3,6.0
Jalore,NO2,12.0
Jalore,OZONE,15.0
Jalore,PM10,116.0
Jalore,PM2.5,38.0
Jalore,SO2,2.0
Jhalawar,CO,18.0
Jhalawar,NH3,3.0
Jhalawar,NO2,38.0
Jhalawar,OZONE,11.0
Jhalawar,PM10,29.0
Jhalawar,PM2.5,23.0
Jhalawar,SO2,7.0
Jhansi,CO,10.0
Jhansi,NH3,4.0
Jhansi,NO2,6.0
Jhansi,OZONE,6.0
Jhansi,PM10,87.0
Jhansi,PM2.5,89.0
Jhansi,SO2,7.0
Jhunjhunu,CO,22.0
Jhunjhunu,NH3,7.0
Jhunjhunu,NO2,12.0
Jhunjhunu,OZONE,14.0
Jhunjhunu,PM10,52.0
Jhunjhunu,PM2.5,30.0
Jhunjhunu,SO2,3.0
Jodhpur,CO,17.4
Jodhpur,NH3,3.8
Jodhpur,NO2,10.6
Jodhpur,OZONE,13.6
Jodhpur,PM10,85.4
Jodhpur,PM2.5,46.0
Jodhpur,SO2,3.8
Jorapokhar,CO,66.0
Jorapokhar,OZONE,11.0
Jorapokhar,PM10,32.0
Jorapokhar,SO2,4.0
Kalaburagi,CO,36.5
Kalaburagi,NH3,2.0
Kalaburagi,NO2,12.5
Kalaburagi,OZONE,22.970274914089345
Kalaburagi,PM10,40.5
Kalaburagi,PM2.5,34.0
Kalaburagi,SO2,25.5
Kalyan,CO,25.940549828178693
Kalyan,NH3,25.940549828178693
Kalyan,NO2,25.940549828178693
Kalyan,OZONE,25.940549828178693
Kalyan,PM10,25.940549828178693
Kalyan,PM2.5,25.940549828178693
Kalyan,SO2,25.940549828178693
Kanchipuram,CO,20.0
Kanchipuram,NH3,4.0
Kanchipuram,NO2,5.0
Kanchipuram,OZONE,3.0
Kanchipuram,PM10,72.0
Kanchipuram,PM2.5,60.0
Kanchipuram,SO2,25.940549828178693
Kanpur,CO,39.666666666666664
Kanpur,NH3,2.0
Kanpur,NO2,29.666666666666668
Kanpur,OZONE,21.0
Kanpur,PM10,49.666666666666664
Kanpur,PM2.5,49.0
Kanpur,SO2,12.0
Karauli,CO,27.0
Karauli,NH3,2.0
Karauli,NO2,16.0
Karauli,OZONE,29.0
Karauli,PM10,36.0
Karauli,PM2.5,29.0
Karauli,SO2,8.0
Karur,CO,6.0
Karur,NH3,3.0
Karur,NO2,6.0
Karur,OZONE,8.0
Karur,PM10,62.0
Karur,PM2.5,42.0
Karur,SO2,15.0
Karwar,CO,8.0
Karwar,NH3,9.0
Karwar,NO2,15.0
Karwar,PM10,22.0
Karwar,PM2.5,19.0
Karwar,SO2,19.0
Kashipur,NH3,2.0
Kashipur,NO2,9.0
Kashipur,OZONE,17.0
Kashipur,PM10,50.0
Kashipur,PM2.5,49.0
Kashipur,SO2,3.0
Katihar,CO,78.0
Katihar,NH3,1.0
Katihar,NO2,14.0
Katihar,OZONE,7.0
Katihar,PM10,32.0
Katihar,PM2.5,39.0
Katihar,SO2,21.0
Katni,CO,32.0
Katni,NH3,3.0
Katni,NO2,26.0
Katni,OZONE,24.0
Katni,PM10,62.0
Katni,PM2.5,34.0
Katni,SO2,19.0
Keonjhar,CO,32.0
Keonjhar,NH3,8.0
Keonjhar,NO2,15.0
Keonjhar,OZONE,18.0
Keonjhar,PM10,56.0
Keonjhar,PM2.5,20.0
Keonjhar,SO2,18.0
Khanna,CO,25.0
Khanna,NH3,7.0
Khanna,NO2,28.0
Khanna,OZONE,31.0
Khanna,PM10,57.0
Khanna,PM2.5,44.0
Khanna,SO2,6.0
Khurja,CO,51.0
Khurja,NH3,1.0
Khurja,NO2,3.0
Khurja,OZONE,6.0
Khurja,PM10,42.0
Khurja,PM2.5,36.0
Khurja,SO2,15.0
Kishanganj,CO,42.0
Kishanganj,NH3,3.0
Kishanganj,NO2,8.0
Kishanganj,OZONE,16.0
Kishanganj,PM10,25.940549828178693
Kishanganj,PM2.5,25.940549828178693
Kishanganj,SO2,8.0
Kohima,CO,9.0
Kohima,NH3,1.0
Kohima,NO2,3.0
Kohima,OZONE,6.0
Kohima,PM10,25.0
Kohima,PM2.5,24.0
Kohima,SO2,67.0
Kolhapur,CO,6.0
Kolhapur,NH3,6.5
Kolhapur,NO2,6.5
Kolhapur,OZONE,10.0
Kolhapur,PM10,28.5
Kolhapur,PM2.5,13.5
Kolhapur,SO2,1.5
Kolkata,CO,17.428571428571427
Kolkata,NH3,11.705792832596956
Kolkata,NO2,39.705792832596956
Kolkata,OZONE,24.857142857142858
Kolkata,PM10,32.84015709376534
Kolkata,PM2.5,32.12587137947963
Kolkata,SO2,9.134364261168384
Kollam,CO,15.0
Kollam,NH3,1.0
Kollam,NO2,9.0
Kollam,OZONE,30.0
Kollam,PM10,28.0
Kollam,PM2.5,23.0
Kollam,SO2,2.0
Koppal,CO,58.0
Koppal,OZONE,4.0
Koppal,PM10,12.0
Koppal,PM2.5,8.0
Korba,CO,18.0
Korba,NH3,1.0
Korba,NO2,6.0
Korba,OZONE,25.940549828178693
Korba,PM10,35.0
Korba,PM2.5,17.0
Korba,SO2,7.0
Kota,CO,57.666666666666664
Kota,NH3,17.96036655211913
Kota,NO2,19.0
Kota,OZONE,6.666666666666667
Kota,PM10,58.0
Kota,PM2.5,37.0
Kota,SO2,5.333333333333333
Kunjemura,CO,59.0
Kunjemura,NH3,2.0
Kunjemura,NO2,3.0
Kunjemura,OZONE,4.0
Kunjemura,PM10,25.0
Kunjemura,PM2.5,12.0
Kunjemura,SO2,4.0
Latur,CO,11.0
Latur,NH3,4.0
Latur,NO2,15.0
Latur,OZONE,22.0
Latur,PM10,18.0
Latur,PM2.5,11.0
Latur,SO2,4.0
Lucknow,CO,34.166666666666664
Lucknow,NH3,10.2
Lucknow,NO2,25.333333333333332
Lucknow,OZONE,33.0
Lucknow,PM10,46.333333333333336
Lucknow,PM2.5,41.666666666666664
Lucknow,SO2,17.49009163802978
Ludhiana,CO,28.0
Ludhiana,OZONE,29.0
Ludhiana,PM10,56.0
Ludhiana,PM2.5,46.0
Ludhiana,SO2,6.0
Madikeri,CO,25.940549828178693
Madikeri,NH3,25.940549828178693
Madikeri,NO2,25.940549828178693
Madikeri,OZONE,5.0
Madikeri,PM10,15.0
Madikeri,PM2.5,15.0
Madikeri,SO2,7.0
Madurai,CO,21.0
Madurai,NH3,4.0
Madurai,NO2,16.0
Madurai,OZONE,6.0
Madurai,PM10,23.0
Madurai,PM2.5,16.0
Madurai,SO2,15.0
Mahad,CO,27.0
Mahad,NH3,6.0
Mahad,NO2,11.0
Mahad,OZONE,22.0
Mahad,PM10,26.0
Mahad,PM2.5,19.0
Mahad,SO2,27.0
Malegaon,CO,28.0
Malegaon,NH3,4.0
Malegaon,NO2,9.0
Malegaon,OZONE,36.0
Malegaon,PM10,60.0
Malegaon,PM2.5,45.0
Malegaon,SO2,16.0
Mandi Gobindgarh,CO,72.0
Mandi Gobindgarh,NH3,6.0
Mandi Gobindgarh,NO2,24.0
Mandi Gobindgarh,OZONE,51.0
Mandi Gobindgarh,PM10,75.0
Mandi Gobindgarh,PM2.5,48.0
Mandi Gobindgarh,SO2,16.0
Mandideep,CO,19.0
Mandideep,NH3,3.0
Mandideep,NO2,33.0
Mandideep,OZONE,19.0
Mandideep,PM10,98.0
Mandideep,PM2.5,61.0
Mandideep,SO2,32.0
Mangalore,NH3,2.0
Mangalore,NO2,17.0
Mangalore,OZONE,23.0
Mangalore,PM10,42.0
Mangalore,PM2.5,40.0
Mangalore,SO2,7.0
Manguraha,CO,16.0
Manguraha,NH3,1.0
Manguraha,NO2,4.0
Manguraha,OZONE,16.0
Manguraha,PM10,29.0
Manguraha,PM2.5,11.0
Manguraha,SO2,6.0
Meerut,CO,33.0
Meerut,NH3,2.6666666666666665
Meerut,NO2,19.333333333333332
Meerut,OZONE,26.0
Meerut,PM10,62.0
Meerut,PM2.5,40.666666666666664
Meerut,SO2,11.0
Milupara,CO,26.0
Milupara,NO2,14.0
Milupara,OZONE,17.0
Milupara,PM10,37.0
Milupara,PM2.5,21.0
Milupara,SO2,3.0
Mira-Bhayandar,CO,47.0
Mira-Bhayandar,NH3,2.0
Mira-Bhayandar,NO2,47.0
Mira-Bhayandar,OZONE,3.0
Mira-Bhayandar,PM10,41.0
Mira-Bhayandar,PM2.5,27.0
Mira-Bhayandar,SO2,3.0
Moradabad,CO,32.666666666666664
Moradabad,NH3,5.0
Moradabad,NO2,22.0
Moradabad,OZONE,27.333333333333332
Moradabad,PM10,57.833333333333336
Moradabad,PM2.5,50.99009163802978
Moradabad,SO2,37.333333333333336
Motihari,CO,1.0
Motihari,NH3,3.0
Motihari,NO2,25.940549828178693
Motihari,OZONE,2.0
Motihari,PM10,43.0
Motihari,PM2.5,43.0
Motihari,SO2,3.0
Mumbai,CO,31.08
Mumbai,NH3,7.07187221585847
Mumbai,NO2,18.47707776505027
Mumbai,OZONE,11.475243986254295
Mumbai,PM10,47.77557591956218
Mumbai,PM2.5,34.03617499339149
Mumbai,SO2,12.31048797250859
Muzaffarnagar,CO,47.0
Muzaffarnagar,NH3,6.0
Muzaffarnagar,NO2,20.0
Muzaffarnagar,OZONE,25.0
Muzaffarnagar,PM10,56.0
Muzaffarnagar,PM2.5,66.0
Muzaffarnagar,SO2,16.0
Muzaffarpur,CO,34.333333333333336
Muzaffarpur,NH3,2.5
Muzaffarpur,NO2,10.333333333333334
Muzaffarpur,OZONE,31.0
Muzaffarpur,PM10,43.0
Muzaffarpur,PM2.5,34.64684994272623
Muzaffarpur,SO2,8.0
Mysuru,CO,8.0
Mysuru,NH3,5.0
Mysuru,NO2,20.0
Mysuru,OZONE,9.0
Mysuru,PM10,22.0
Mysuru,PM2.5,12.0
Mysuru,SO2,8.0
Nagaon,CO,45.0
Nagaon,NH3,4.0
Nagaon,NO2,1.0
Nagaon,OZONE,9.0
Nagaon,PM10,58.0
Nagaon,PM2.5,72.0
Nagaon,SO2,12.0
Nagapattinam,CO,13.0
Nagapattinam,NH3,25.940549828178693
Nagapattinam,NO2,25.940549828178693
Nagapattinam,OZONE,23.0
Nagapattinam,PM10,25.940549828178693
Nagapattinam,PM2.5,25.940549828178693
Nagapattinam,SO2,25.940549828178693
Nagaur,CO,19.0
Nagaur,NH3,5.0
Nagaur,NO2,5.0
Nagaur,OZONE,28.0
Nagaur,PM10,71.0
Nagaur,PM2.5,36.0
Nagaur,SO2,4.0
Nagpur,CO,23.75
Nagpur,NH3,2.5
Nagpur,NO2,13.25
Nagpur,OZONE,6.0
Nagpur,PM10,39.5
Nagpur,PM2.5,34.25
Nagpur,SO2,10.0
Naharlagun,CO,7.0
Naharlagun,NO2,6.0
Naharlagun,OZONE,5.0
Naharlagun,PM10,16.0
Naharlagun,PM2.5,14.0
Naharlagun,SO2,8.0
Nalbari,CO,40.0
Nalbari,NH3,2.0
Nalbari,NO2,5.0
Nalbari,OZONE,11.0
Nalbari,PM10,45.0
Nalbari,PM2.5,51.0
Nalbari,SO2,6.0
Namakkal,CO,8.0
Namakkal,NH3,25.940549828178693
Namakkal,NO2,25.940549828178693
Namakkal,OZONE,11.0
Namakkal,PM10,25.940549828178693
Namakkal,PM2.5,25.940549828178693
Namakkal,SO2,25.940549828178693
Nanded,CO,25.940549828178693
Nanded,NH3,25.940549828178693
Nanded,NO2,25.940549828178693
Nanded,OZONE,25.940549828178693
Nanded,PM10,25.940549828178693
Nanded,PM2.5,25.940549828178693
Nanded,SO2,25.940549828178693
Nashik,CO,13.25
Nashik,NH3,2.5
Nashik,NO2,6.25
Nashik,OZONE,14.25
Nashik,PM10,40.5
Nashik,PM2.5,33.75
Nashik,SO2,5.0
Navi Mumbai,CO,31.788109965635737
Navi Mumbai,NH3,8.656758304696448
Navi Mumbai,NO2,32.156758304696446
Navi Mumbai,OZONE,8.588109965635738
Navi Mumbai,PM10,31.470274914089345
Navi Mumbai,PM2.5,38.32342497136312
Navi Mumbai,SO2,16.480183276059563
Nayagarh,CO,16.0
Nayagarh,NH3,8.0
Nayagarh,NO2,12.0
Nayagarh,OZONE,17.0
Nayagarh,PM10,23.0
Nayagarh,PM2.5,15.0
Nayagarh,SO2,4.0
Noida,CO,29.0
Noida,NH3,13.980183276059563
Noida,NO2,23.720274914089345
Noida,OZONE,23.5
Noida,PM10,113.0
Noida,PM2.5,83.75
Noida,SO2,10.666666666666666
Ooty,CO,26.0
Ooty,NO2,3.0
Ooty,OZONE,5.0
Ooty,PM10,25.940549828178693
Ooty,PM2.5,25.940549828178693
Ooty,SO2,23.0
Pali,CO,36.0
Pali,NH3,9.0
Pali,NO2,19.0
Pali,OZONE,4.0
Pali,PM10,90.0
Pali,PM2.5,85.0
Pali,SO2,10.0
Palkalaiperur,NH3,2.0
Palkalaiperur,NO2,7.0
Palkalaiperur,OZONE,12.0
Palkalaiperur,PM10,44.0
Palkalaiperur,PM2.5,36.0
Palkalaiperur,SO2,6.0
Panchgaon,NH3,5.0
Panchgaon,NO2,14.0
Panchgaon,OZONE,14.0
Panchgaon,PM10,72.0
Panchgaon,PM2.5,89.0
Panchgaon,SO2,6.0
Parbhani,CO,11.0
Parbhani,NO2,3.0
Parbhani,OZONE,10.0
Parbhani,PM10,35.0
Parbhani,PM2.5,29.0
Parbhani,SO2,10.0
Patiala,CO,20.0
Patiala,NH3,5.0
Patiala,NO2,20.0
Patiala,OZONE,17.0
Patiala,PM10,43.0
Patiala,PM2.5,22.0
Patiala,SO2,8.0
Patna,CO,42.656758304696446
Patna,NH3,9.235137457044672
Patna,NO2,30.176219931271476
Patna,OZONE,22.323424971363114
Patna,PM10,52.988109965635736
Patna,PM2.5,33.98018327605956
Patna,SO2,12.146849942726229
Perundurai,CO,25.0
Perundurai,NH3,2.0
Perundurai,NO2,7.0
Perundurai,OZONE,29.0
Perundurai,PM2.5,14.0
Perundurai,SO2,23.0
Pimpri-Chinchwad,CO,35.25
Pimpri-Chinchwad,NH3,10.64684994272623
Pimpri-Chinchwad,NO2,21.735137457044672
Pimpri-Chinchwad,OZONE,8.75
Pimpri-Chinchwad,PM10,39.98513745704467
Pimpri-Chinchwad,PM2.5,27.985137457044672
Pimpri-Chinchwad,SO2,13.970274914089346
Pithampur,CO,17.0
Pithampur,NH3,3.0
Pithampur,NO2,15.0
Pithampur,OZONE,24.0
Pithampur,PM10,60.0
Pithampur,PM2.5,67.0
Pithampur,SO2,12.0
Pratapgarh,CO,11.0
Pratapgarh,NH3,4.0
Pratapgarh,NO2,8.0
Pratapgarh,OZONE,25.0
Pratapgarh,PM10,43.0
Pratapgarh,PM2.5,31.0
Pratapgarh,SO2,2.0
Prayagraj,CO,14.333333333333334
Prayagraj,NH3,5.333333333333333
Prayagraj,NO2,7.666666666666667
Prayagraj,OZONE,15.666666666666666
Prayagraj,PM10,54.333333333333336
Prayagraj,PM2.5,30.333333333333332
Prayagraj,SO2,33.333333333333336
Puducherry,CO,15.0
Puducherry,NH3,4.0
Puducherry,NO2,18.0
Puducherry,OZONE,3.0
Puducherry,PM10,33.0
Puducherry,PM2.5,21.0
Puducherry,SO2,8.0
Pudukottai,NH3,2.0
Pudukottai,NO2,12.0
Pudukottai,PM10,38.0
Pudukottai,PM2.5,32.0
Pudukottai,SO2,12.0
Pune,CO,44.57142857142857
Pune,NH3,1.5
Pune,NO2,18.714285714285715
Pune,OZONE,11.705792832596956
Pune,PM10,42.714285714285715
Pune,PM2.5,28.0
Pune,SO2,3.0
Purnia,CO,39.0
Purnia,NH3,3.0
Purnia,NO2,6.0
Purnia,OZONE,23.0
Purnia,PM10,25.940549828178693
Purnia,PM2.5,25.940549828178693
Purnia,SO2,25.940549828178693
Raipur,CO,14.75
Raipur,NH3,3.0
Raipur,NO2,10.75
Raipur,OZONE,6.0
Raipur,PM10,22.5
Raipur,PM2.5,13.0
Raipur,SO2,7.5
Rajamahendravaram,CO,33.0
Rajamahendravaram,NH3,2.0
Rajamahendravaram,NO2,14.0
Rajamahendravaram,OZONE,10.0
Rajamahendravaram,PM10,19.0
Rajamahendravaram,PM2.5,13.0
Rajamahendravaram,SO2,25.940549828178693
Rajgir,CO,88.0
Rajgir,NH3,6.0
Rajgir,NO2,9.0
Rajgir,OZONE,32.0
Rajgir,PM10,46.0
Rajgir,PM2.5,32.0
Rajgir,SO2,21.0
Rajsamand,CO,21.0
Rajsamand,NH3,12.0
Rajsamand,NO2,4.0
Rajsamand,OZONE,50.0
Rajsamand,PM10,62.0
Rajsamand,PM2.5,47.0
Rajsamand,SO2,7.0
Ramanagara,CO,23.0
Ramanagara,NH3,2.0
Ramanagara,NO2,15.0
Ramanagara,PM10,14.0
Ramanagara,PM2.5,15.0
Ramanagara,SO2,25.0
Ramanathapuram,CO,29.0
Ramanathapuram,NH3,2.0
Ramanathapuram,NO2,12.0
Ramanathapuram,OZONE,4.0
Ramanathapuram,PM10,19.0
Ramanathapuram,PM2.5,20.0
Ramanathapuram,SO2,14.0
Ranipet,CO,20.0
Ranipet,NH3,8.0
Ranipet,NO2,1.0
Ranipet,OZONE,1.0
Ranipet,PM2.5,48.0
Ranipet,SO2,17.0
Ratlam,NO2,35.0
Ratlam,PM10,30.0
Ratlam,PM2.5,26.0
Ratlam,SO2,29.0
Rishikesh,CO,30.0
Rishikesh,NH3,11.0
Rishikesh,NO2,14.0
Rishikesh,OZONE,7.0
Rishikesh,PM10,35.0
Rishikesh,PM2.5,13.0
Rishikesh,SO2,4.0
Rourkela,CO,36.970274914089345
Rourkela,NH3,2.0
Rourkela,NO2,14.470274914089346
Rourkela,OZONE,11.0
Rourkela,PM10,49.0
Rourkela,PM2.5,45.0
Rourkela,SO2,6.0
Rupnagar,CO,98.0
Rupnagar,NO2,5.0
Rupnagar,PM10,43.0
Rupnagar,PM2.5,39.0
Rupnagar,SO2,8.0
Sagar,CO,16.0
Sagar,NH3,1.0
Sagar,NO2,11.0
Sagar,OZONE,35.0
Sagar,PM10,88.5
Sagar,PM2.5,70.0
Sagar,SO2,8.0
Saharsa,CO,38.0
Saharsa,NH3,4.0
Saharsa,NO2,7.0
Saharsa,OZONE,12.0
Saharsa,PM10,65.0
Saharsa,PM2.5,22.0
Saharsa,SO2,16.0
Salem,CO,25.940549828178693
Salem,NH3,25.940549828178693
Salem,NO2,25.940549828178693
Salem,OZONE,25.940549828178693
Salem,PM2.5,25.940549828178693
Salem,SO2,25.940549828178693
Samastipur,NH3,2.0
Samastipur,NO2,1.0
Samastipur,OZONE,7.0
Samastipur,PM10,25.940549828178693
Samastipur,PM2.5,25.940549828178693
Samastipur,SO2,23.0
Sangli,CO,15.0
Sangli,NH3,2.0
Sangli,NO2,6.0
Sangli,OZONE,7.0
Sangli,PM10,54.0
Sangli,PM2.5,30.0
Sangli,SO2,10.0
Sasaram,CO,51.0
Sasaram,NH3,3.0
Sasaram,NO2,2.0
Sasaram,PM10,42.0
Sasaram,PM2.5,14.0
Sasaram,SO2,3.0
Sawai Madhopur,CO,13.0
Sawai Madhopur,NH3,8.0
Sawai Madhopur,NO2,5.0
Sawai Madhopur,OZONE,17.0
Sawai Madhopur,PM10,53.0
Sawai Madhopur,PM2.5,25.940549828178693
Sawai Madhopur,SO2,3.0
Shillong,CO,2.0
Shillong,NO2,25.940549828178693
Shillong,OZONE,13.0
Shillong,PM10,7.0
Shillong,PM2.5,5.0
Shillong,SO2,5.0
Shivamogga,CO,42.0
Shivamogga,NH3,3.0
Shivamogga,NO2,13.0
Shivamogga,OZONE,42.0
Shivamogga,PM10,48.0
Shivamogga,PM2.5,39.0
Shivamogga,SO2,6.0
Sikar,CO,17.0
Sikar,NH3,6.0
Sikar,NO2,15.0
Sikar,OZONE,32.0
Sikar,PM10,37.0
Sikar,PM2.5,31.0
Sikar,SO2,3.0
Silchar,CO,12.0
Silchar,NH3,1.0
Silchar,NO2,15.0
Silchar,OZONE,3.0
Silchar,PM10,45.0
Silchar,PM2.5,39.0
Silchar,SO2,25.940549828178693
Siliguri,CO,60.0
Siliguri,NH3,9.0
Siliguri,NO2,25.0
Siliguri,OZONE,41.0
Siliguri,PM10,37.0
Siliguri,PM2.5,27.0
Siliguri,SO2,11.0
Singrauli,CO,13.0
Singrauli,NH3,6.0
Singrauli,NO2,28.0
Singrauli,OZONE,17.0
Singrauli,PM10,61.0
Singrauli,PM2.5,77.0
Singrauli,SO2,22.0
Sirohi,CO,35.0
Sirohi,NH3,25.940549828178693
Sirohi,NO2,8.0
Sirohi,OZONE,9.0
Sirohi,PM10,86.0
Sirohi,PM2.5,43.0
Sirohi,SO2,7.0
Sivasagar,CO,10.0
Sivasagar,NH3,4.0
Sivasagar,NO2,13.0
Sivasagar,OZONE,2.0
Sivasagar,PM10,32.0
Sivasagar,PM2.5,25.0
Sivasagar,SO2,9.0
Siwan,CO,46.0
Siwan,NH3,1.0
Siwan,NO2,1.0
Siwan,OZONE,7.0
Siwan,PM10,25.0
Siwan,PM2.5,28.0
Siwan,SO2,5.0
Solapur,CO,14.0
Solapur,NH3,6.5
Solapur,NO2,9.5
Solapur,OZONE,8.0
Solapur,PM10,29.5
Solapur,PM2.5,21.5
Solapur,SO2,1.5
Sri Ganganagar,CO,82.0
Sri Ganganagar,NH3,4.0
Sri Ganganagar,NO2,49.0
Sri Ganganagar,OZONE,19.0
Sri Ganganagar,PM10,98.0
Sri Ganganagar,PM2.5,54.0
Sri Ganganagar,SO2,7.0
Suakati,CO,26.0
Suakati,OZONE,8.0
Suakati,PM10,25.940549828178693
Suakati,PM2.5,25.940549828178693
Suakati,SO2,25.940549828178693
Surat,CO,37.0
Surat,NO2,9.0
Surat,PM10,36.0
Surat,PM2.5,24.0
Surat,SO2,16.0
Talcher,CO,27.0
Talcher,NH3,6.0
Talcher,NO2,41.0
Talcher,OZONE,18.0
Talcher,PM10,24.0
Talcher,PM2.5,25.940549828178693
Talcher,SO2,8.0
Tensa,CO,27.0
Tensa,NH3,9.0
Tensa,NO2,10.0
Tensa,OZONE,13.0
Tensa,PM10,26.0
Tensa,PM2.5,30.0
Tensa,SO2,11.0
Thane,CO,44.0
Thane,NH3,3.5
Thane,NO2,12.0
Thane,OZONE,4.0
Thane,PM10,42.0
Thane,PM2.5,31.5
Thane,SO2,14.470274914089346
Thanjavur,CO,8.0
Thanjavur,NH3,1.0
Thanjavur,NO2,2.0
Thanjavur,OZONE,19.0
Thanjavur,PM10,23.0
Thanjavur,PM2.5,18.0
Thanjavur,SO2,16.0
Thiruvananthapuram,CO,22.5
Thiruvananthapuram,NH3,7.0
Thiruvananthapuram,NO2,40.0
Thiruvananthapuram,OZONE,25.0
Thiruvananthapuram,PM10,39.0
Thiruvananthapuram,PM2.5,28.5
Thiruvananthapuram,SO2,10.0
Thoothukudi,CO,15.0
Thoothukudi,NO2,20.0
Thoothukudi,OZONE,33.0
Thoothukudi,PM10,36.0
Thoothukudi,SO2,5.0
Thrissur,CO,34.0
Thrissur,NO2,8.0
Thrissur,OZONE,28.0
Thrissur,PM10,46.0
Thrissur,PM2.5,42.0
Thrissur,SO2,1.0
Tiruchirappalli,CO,6.0
Tiruchirappalli,NH3,1.0
Tiruchirappalli,NO2,4.0
Tiruchirappalli,OZONE,23.0
Tiruchirappalli,PM10,62.0
Tiruchirappalli,PM2.5,54.0
Tiruchirappalli,SO2,16.0
Tirumala,CO,18.0
Tirumala,NH3,1.0
Tirumala,NO2,19.0
Tirumala,OZONE,14.0
Tirumala,PM10,22.0
Tirumala,PM2.5,19.0
Tirumala,SO2,3.0
Tirunelveli,CO,41.0
Tirunelveli,NH3,6.0
Tirunelveli,NO2,22.0
Tirunelveli,OZONE,6.0
Tirunelveli,PM10,22.0
Tirunelveli,PM2.5,19.0
Tirunelveli,SO2,41.0
Tirupati,CO,11.0
Tirupati,NH3,7.0
Tirupati,NO2,8.0
Tirupati,OZONE,27.0
Tirupati,PM10,53.0
Tirupati,PM2.5,61.0
Tirupati,SO2,25.0
Tirupur,CO,13.0
Tirupur,NO2,4.0
Tirupur,OZONE,3.0
Tirupur,PM10,21.0
Tirupur,PM2.5,3.0
Tonk,CO,11.0
Tonk,NH3,25.940549828178693
Tonk,NO2,11.0
Tonk,OZONE,4.0
Tonk,PM10,129.0
Tonk,PM2.5,161.0
Tonk,SO2,2.0
Tumakuru,CO,27.0
Tumakuru,NH3,25.940549828178693
Tumakuru,NO2,25.940549828178693
Tumakuru,OZONE,15.0
Tumakuru,PM10,25.940549828178693
Tumakuru,PM2.5,25.940549828178693
Tumakuru,SO2,25.940549828178693
Tumidih,CO,37.0
Tumidih,NH3,2.0
Tumidih,NO2,27.0
Tumidih,OZONE,6.0
Tumidih,PM10,70.0
Tumidih,PM2.5,41.0
Tumidih,SO2,7.0
Udaipur,CO,28.0
Udaipur,NH3,8.0
Udaipur,NO2,26.0
Udaipur,OZONE,5.0
Udaipur,PM10,76.0
Udaipur,PM2.5,67.0
Udaipur,SO2,8.0
Ulhasnagar,CO,39.0
Ulhasnagar,NH3,5.0
Ulhasnagar,NO2,38.0
Ulhasnagar,OZONE,16.0
Ulhasnagar,PM10,71.0
Ulhasnagar,PM2.5,52.0
Ulhasnagar,SO2,12.0
Vapi,NH3,10.0
Vapi,NO2,14.0
Vapi,OZONE,2.0
Vapi,PM10,90.0
Vapi,PM2.5,48.0
Vapi,SO2,44.0
Varanasi,CO,12.735137457044672
Varanasi,NH3,13.470274914089346
Varanasi,NO2,16.735137457044672
Varanasi,OZONE,13.980183276059563
Varanasi,PM10,34.48513745704467
Varanasi,PM2.5,23.970274914089345
Varanasi,SO2,26.980183276059563
Vatva,CO,8.0
Vatva,NH3,4.0
Vatva,NO2,23.0
Vatva,OZONE,12.0
Vatva,PM10,85.0
Vatva,PM2.5,25.940549828178693
Vatva,SO2,14.0
Vellore,CO,7.0
Vellore,NH3,3.0
Vellore,NO2,1.0
Vellore,OZONE,6.0
Vellore,PM10,23.0
Vellore,PM2.5,17.0
Vellore,SO2,19.0
Vijayapura,CO,40.0
Vijayapura,NH3,1.0
Vijayapura,NO2,9.0
Vijayapura,OZONE,16.0
Vijayapura,PM10,44.0
Vijayapura,PM2.5,37.0
Vijayawada,CO,33.0
Vijayawada,NH3,3.0
Vijayawada,NO2,22.0
Vijayawada,OZONE,15.666666666666666
Vijayawada,PM10,65.33333333333333
Vijayawada,PM2.5,67.0
Vijayawada,SO2,17.0
Virar,CO,38.0
Virar,NH3,2.0
Virar,NO2,14.0
Virar,OZONE,7.0
Virar,PM10,26.0
Virar,PM2.5,25.0
Virar,SO2,3.0
Virudhunagar,CO,18.0
Virudhunagar,NH3,8.0
Virudhunagar,NO2,19.0
Virudhunagar,OZONE,4.0
Virudhunagar,PM10,38.0
Virudhunagar,PM2.5,34.0
Virudhunagar,SO2,19.0
Visakhapatnam,CO,20.0
Visakhapatnam,NH3,3.0
Visakhapatnam,NO2,48.0
Visakhapatnam,OZONE,11.0
Visakhapatnam,PM10,91.0
Visakhapatnam,PM2.5,56.0
Visakhapatnam,SO2,26.0
Vrindavan,CO,21.0
Vrindavan,NH3,2.0
Vrindavan,NO2,12.0
Vrindavan,OZONE,15.0
Vrindavan,PM10,60.0
Vrindavan,PM2.5,36.0
Vrindavan,SO2,11.0
Yadgir,CO,14.0
Yadgir,NH3,2.0
Yadgir,NO2,32.0
Yadgir,OZONE,25.940549828178693
Yadgir,PM10,20.0
Yadgir,PM2.5,10.0
Yadgir,SO2,20.0
